node,value
1,0.13333333333333333
2,0.13333333333333333
3,0.0
4,0.7333333333333333
5,0.0
6,0.3333333333333333
7,0.0
