node,value
1,0.6
2,0.6
3,0.42857142857142855
4,0.75
5,0.46153846153846156
6,0.5454545454545454
7,0.375
